"type","class","order","family","genus","sci_name_orig","sci_name_fb","nstocks"
"finfish","Actinopterygii","Cypriniformes","Cyprinidae","Abramis","Abramis brama","Abramis brama",2
"finfish","Actinopterygii","Perciformes","Serranidae","Acanthistius","Acanthistius brasilianus","Acanthistius brasilianus",1
"finfish","Actinopterygii","Perciformes","Scombridae","Acanthocybium","Acanthocybium solandri","Acanthocybium solandri",1
"finfish","Actinopterygii","Perciformes","Sparidae","Acanthopagrus","Acanthopagrus schlegeli","Acanthopagrus schlegelii",1
"invertebrate","Malacostraca","Decapoda","Sergestidae","Acetes","Acetes japonicus","Acetes japonicus",3
"invertebrate","Bivalvia","Ostreoida","Pectinidae","Aequipecten","Aequipecten opercularis","Aequipecten opercularis",3
"finfish","Actinopterygii","Perciformes","Carangidae","Alectis","Alectis alexandrinus","Alectis alexandrina",1
"finfish","Actinopterygii","Clupeiformes","Clupeidae","Alosa","Alosa pseudoharengus","Alosa pseudoharengus",2
"finfish","Actinopterygii","Clupeiformes","Clupeidae","Alosa","Alosa sapidissima","Alosa sapidissima",2
"finfish","Actinopterygii","Perciformes","Ammodytidae","Ammodytes","Ammodytes personatus","Ammodytes personatus",1
"invertebrate","Bivalvia","Arcoida","Arcidae","Tegillarca","Anadara granosa","Tegillarca granosa",3
"finfish","Actinopterygii","Perciformes","Anarhichadidae","Anarhichas","Anarhichas lupus","Anarhichas lupus",4
"finfish","Actinopterygii","Perciformes","Anarhichadidae","Anarhichas","Anarhichas minor","Anarhichas minor",1
"finfish","Actinopterygii","Clupeiformes","Engraulidae","Anchoa","Anchoa nasus","Anchoa nasus",1
"finfish","Actinopterygii","Anguilliformes","Anguillidae","Anguilla","Anguilla anguilla","Anguilla anguilla",8
"finfish","Actinopterygii","Anguilliformes","Anguillidae","Anguilla","Anguilla rostrata","Anguilla rostrata",1
"finfish","Actinopterygii","Clupeiformes","Clupeidae","Anodontostoma","Anodontostoma chacunda","Anodontostoma chacunda",3
"finfish","Actinopterygii","Scorpaeniformes","Anoplopomatidae","Anoplopoma","Anoplopoma fimbria","Anoplopoma fimbria",3
"finfish","Actinopterygii","Perciformes","Trichiuridae","Aphanopus","Aphanopus carbo","Aphanopus carbo",4
"finfish","Actinopterygii","Perciformes","Sparidae","Archosargus","Archosargus probatocephalus","Archosargus probatocephalus",1
"invertebrate","Bivalvia","Veneroida","Arcticidae","Arctica","Arctica islandica","Arctica islandica",2
"finfish","Actinopterygii","Perciformes","Trichodontidae","Arctoscopus","Arctoscopus japonicus","Arctoscopus japonicus",2
"invertebrate","Bivalvia","Ostreoida","Pectinidae","Argopecten","Argopecten gibbus","Argopecten gibbus",1
"invertebrate","Bivalvia","Ostreoida","Pectinidae","Argopecten","Argopecten irradians","Argopecten irradians",2
"invertebrate","Bivalvia","Ostreoida","Pectinidae","Argopecten","Argopecten purpuratus","Argopecten purpuratus",1
"invertebrate","Bivalvia","Ostreoida","Pectinidae","Argopecten","Argopecten ventricosus","Argopecten ventricosus",1
"finfish","Actinopterygii","Perciformes","Sparidae","Argyrops","Argyrops spinifer","Argyrops spinifer",1
"finfish","Actinopterygii","Perciformes","Sciaenidae","Argyrosomus","Argyrosomus hololepidotus","Argyrosomus hololepidotus",3
"finfish","Actinopterygii","Perciformes","Sciaenidae","Argyrosomus","Argyrosomus regius","Argyrosomus regius",3
"finfish","Actinopterygii","Perciformes","Sparidae","Argyrozona","Argyrozona argyrozona","Argyrozona argyrozona",1
"invertebrate","Malacostraca","Decapoda","Aristeidae","Aristeus","Aristeus antennatus","Aristeus antennatus",1
"invertebrate","Malacostraca","Decapoda","Aristeidae","Aristeus","Aristeus varidens","Aristeus varidens",1
"finfish","Actinopterygii","Siluriformes","Ariidae","Netuma","Arius thalassinus","Netuma thalassina",1
"finfish","Actinopterygii","Perciformes","Arripidae","Arripis","Arripis georgianus","Arripis georgianus",1
"finfish","Actinopterygii","Perciformes","Arripidae","Arripis","Arripis trutta","Arripis trutta",3
"invertebrate","Malacostraca","Decapoda","Penaeidae","Artemesia","Artemesia longinaris","Artemesia longinaris",1
"finfish","Actinopterygii","Pleuronectiformes","Pleuronectidae","Atheresthes","Atheresthes evermanni","Atheresthes evermanni",2
"finfish","Actinopterygii","Pleuronectiformes","Pleuronectidae","Atheresthes","Atheresthes stomias","Atheresthes stomias",1
"finfish","Actinopterygii","Atheriniformes","Atherinidae","Atherina","Atherina boyeri","Atherina boyeri",1
"finfish","Actinopterygii","Perciformes","Sciaenidae","Atractoscion","Atractoscion aequidens","Atractoscion aequidens",1
"finfish","Actinopterygii","Perciformes","Sciaenidae","Atractoscion","Atractoscion nobilis","Atractoscion nobilis",1
"finfish","Actinopterygii","Perciformes","Sciaenidae","Atrobucca","Atrobucca nibe","Atrobucca nibe",1
"invertebrate","Bivalvia","Mytiloida","Mytilidae","Aulacomya","Aulacomya ater","Aulacomya ater",2
"finfish","Actinopterygii","Pleuronectiformes","Soleidae","Austroglossus","Austroglossus microlepis","Austroglossus microlepis",2
"finfish","Actinopterygii","Pleuronectiformes","Soleidae","Austroglossus","Austroglossus pectoralis","Austroglossus pectoralis",1
"finfish","Actinopterygii","Beloniformes","Belonidae","Belone","Belone belone","Belone belone",4
"finfish","Actinopterygii","Myctophiformes","Myctophidae","Benthosema","Benthosema pterotum","Benthosema pterotum",1
"finfish","Actinopterygii","Perciformes","Sparidae","Boops","Boops boops","Boops boops",13
"finfish","Actinopterygii","Gadiformes","Gadidae","Boreogadus","Boreogadus saida","Boreogadus saida",1
"finfish","Actinopterygii","Perciformes","Haemulidae","Brachydeuterus","Brachydeuterus auritus","Brachydeuterus auritus",7
"finfish","Actinopterygii","Perciformes","Bramidae","Brama","Brama australis","Brama australis",1
"finfish","Actinopterygii","Perciformes","Bramidae","Brama","Brama brama","Brama brama",3
"finfish","Actinopterygii","Gadiformes","Bregmacerotidae","Bregmaceros","Bregmaceros mcclellandi","Bregmaceros mcclellandi",1
"finfish","Actinopterygii","Clupeiformes","Clupeidae","Brevoortia","Brevoortia aurea","Brevoortia aurea",2
"finfish","Actinopterygii","Clupeiformes","Clupeidae","Brevoortia","Brevoortia patronus","Brevoortia patronus",1
"finfish","Actinopterygii","Clupeiformes","Clupeidae","Brevoortia","Brevoortia tyrannus","Brevoortia tyrannus",2
"finfish","Actinopterygii","Gadiformes","Lotidae","Brosme","Brosme brosme","Brosme brosme",7
"finfish","Actinopterygii","Ophidiiformes","Ophidiidae","Brotula","Brotula barbata","Brotula barbata",1
"invertebrate","Gastropoda","Neogastropoda","Buccinidae","Buccinum","Buccinum undatum","Buccinum undatum",3
"invertebrate","Malacostraca","Decapoda","Portunidae","Callinectes","Callinectes danae","Callinectes danae",1
"invertebrate","Malacostraca","Decapoda","Portunidae","Callinectes","Callinectes sapidus","Callinectes sapidus",5
"finfish","Holocephali","Chimaeriformes","Callorhinchidae","Callorhinchus","Callorhinchus callorynchus","Callorhinchus callorynchus",2
"finfish","Holocephali","Chimaeriformes","Callorhinchidae","Callorhinchus","Callorhinchus capensis","Callorhinchus capensis",1
"finfish","Holocephali","Chimaeriformes","Callorhinchidae","Callorhinchus","Callorhinchus milii","Callorhinchus milii",1
"invertebrate","Malacostraca","Decapoda","Cancridae","Cancer","Cancer borealis","Cancer borealis",1
"invertebrate","Malacostraca","Decapoda","Cancridae","Metacarcinus","Cancer edwardsii","Metacarcinus edwardsii",1
"invertebrate","Malacostraca","Decapoda","Cancridae","Cancer","Cancer irroratus","Cancer irroratus",2
"invertebrate","Malacostraca","Decapoda","Cancridae","Metacarcinus","Cancer magister","Metacarcinus magister",3
"invertebrate","Malacostraca","Decapoda","Cancridae","Cancer","Cancer pagurus","Cancer pagurus",4
"invertebrate","Malacostraca","Decapoda","Cancridae","Cancer","Cancer productus","Cancer productus",1
"finfish","Actinopterygii","Perciformes","Carangidae","Carangoides","Carangoides bajad","Carangoides bajad",1
"finfish","Actinopterygii","Perciformes","Carangidae","Caranx","Caranx crysos","Caranx crysos",2
"finfish","Actinopterygii","Perciformes","Carangidae","Caranx","Caranx hippos","Caranx hippos",3
"finfish","Actinopterygii","Perciformes","Carangidae","Caranx","Caranx ignobilis","Caranx ignobilis",1
"finfish","Actinopterygii","Perciformes","Carangidae","Caranx","Caranx rhonchus","Caranx rhonchus",1
"finfish","Elasmobranchii","Carcharhiniformes","Carcharhinidae","Carcharhinus","Carcharhinus falciformis","Carcharhinus falciformis",2
"invertebrate","Malacostraca","Decapoda","Portunidae","Carcinus","Carcinus maenas","Carcinus maenas",2
"finfish","Actinopterygii","Beryciformes","Berycidae","Centroberyx","Centroberyx affinis","Centroberyx affinis",1
"finfish","Elasmobranchii","Squaliformes","Centrophoridae","Centrophorus","Centrophorus granulosus","Centrophorus granulosus",1
"finfish","Elasmobranchii","Squaliformes","Centrophoridae","Centrophorus","Centrophorus squamosus","Centrophorus squamosus",1
"finfish","Actinopterygii","Perciformes","Centropomidae","Centropomus","Centropomus undecimalis","Centropomus undecimalis",2
"finfish","Actinopterygii","Perciformes","Serranidae","Centropristis","Centropristis striata","Centropristis striata",2
"finfish","Elasmobranchii","Squaliformes","Somniosidae","Centroscymnus","Centroscymnus coelolepis","Centroscymnus coelolepis",1
"finfish","Actinopterygii","Perciformes","Serranidae","Cephalopholis","Cephalopholis boenak","Cephalopholis boenak",2
"invertebrate","Bivalvia","Veneroida","Cardiidae","Cerastoderma","Cerastoderma edule","Cerastoderma edule",5
"invertebrate","Malacostraca","Decapoda","Galatheidae","Cervimunida","Cervimunida johni","Cervimunida johni",1
"finfish","Actinopterygii","Clupeiformes","Engraulidae","Cetengraulis","Cetengraulis edentulus","Cetengraulis edentulus",1
"finfish","Actinopterygii","Clupeiformes","Engraulidae","Cetengraulis","Cetengraulis mysticetus","Cetengraulis mysticetus",3
"finfish","Elasmobranchii","Lamniformes","Cetorhinidae","Cetorhinus","Cetorhinus maximus","Cetorhinus maximus",1
"invertebrate","Malacostraca","Decapoda","Geryonidae","Chaceon","Chaceon affinis","Chaceon affinis",1
"invertebrate","Malacostraca","Decapoda","Geryonidae","Chaceon","Chaceon maritae","Chaceon maritae",1
"invertebrate","Malacostraca","Decapoda","Geryonidae","Chaceon","Chaceon notialis","Chaceon notialis",1
"invertebrate","Malacostraca","Decapoda","Geryonidae","Chaceon","Chaceon quinquedens","Chaceon quinquedens",1
"invertebrate","Bivalvia","Veneroida","Veneridae","Chamelea","Chamelea gallina","Chamelea gallina",5
"finfish","Actinopterygii","Gonorynchiformes","Chanidae","Chanos","Chanos chanos","Chanos chanos",1
"finfish","Actinopterygii","Perciformes","Cheilodactylidae","Nemadactylus","Cheilodactylus bergi","Nemadactylus bergi",2
"finfish","Actinopterygii","Perciformes","Cheilodactylidae","Cheilodactylus","Cheilodactylus variegatus","Cheilodactylus variegatus",1
"finfish","Actinopterygii","Scorpaeniformes","Triglidae","Chelidonichthys","Chelidonichthys capensis","Chelidonichthys capensis",1
"finfish","Actinopterygii","Scorpaeniformes","Triglidae","Chelidonichthys","Chelidonichthys kumu","Chelidonichthys kumu",2
"invertebrate","Bivalvia","Veneroida","Veneridae","Chione","Chione stutchburyi","Chione stutchburyi",1
"invertebrate","Malacostraca","Decapoda","Oregoniidae","Chionoecetes","Chionoecetes bairdi","Chionoecetes bairdi",1
"invertebrate","Malacostraca","Decapoda","Oregoniidae","Chionoecetes","Chionoecetes japonicus","Chionoecetes japonicus",1
"invertebrate","Malacostraca","Decapoda","Oregoniidae","Chionoecetes","Chionoecetes opilio","Chionoecetes opilio",3
"finfish","Actinopterygii","Clupeiformes","Chirocentridae","Chirocentrus","Chirocentrus dorab","Chirocentrus dorab",3
"invertebrate","Bivalvia","Ostreoida","Pectinidae","Chlamys","Chlamys islandica","Chlamys islandica",3
"finfish","Actinopterygii","Perciformes","Carangidae","Chloroscombrus","Chloroscombrus chrysurus","Chloroscombrus chrysurus",4
"finfish","Actinopterygii","Perciformes","Carangidae","Chloroscombrus","Chloroscombrus orqueta","Chloroscombrus orqueta",1
"invertebrate","Bivalvia","Mytiloida","Mytilidae","Choromytilus","Choromytilus chorus","Choromytilus chorus",1
"finfish","Actinopterygii","Perciformes","Sciaenidae","Cilus","Cilus gilberti","Cilus gilberti",2
"finfish","Actinopterygii","Clupeiformes","Clupeidae","Clupanodon","Clupanodon thrissa","Clupanodon thrissa",1
"finfish","Actinopterygii","Clupeiformes","Clupeidae","Clupea","Clupea harengus","Clupea harengus",19
"finfish","Actinopterygii","Clupeiformes","Clupeidae","Clupea","Clupea pallasii","Clupea pallasii pallasii",7
"finfish","Actinopterygii","Clupeiformes","Clupeidae","Clupeonella","Clupeonella cultriventris","Clupeonella cultriventris",2
"finfish","Actinopterygii","Beloniformes","Scomberesocidae","Cololabis","Cololabis saira","Cololabis saira",4
"invertebrate","Gastropoda","Neogastropoda","Muricidae","Concholepas","Concholepas concholepas","Concholepas concholepas",2
"finfish","Actinopterygii","Anguilliformes","Congridae","Conger","Conger conger","Conger conger",7
"finfish","Actinopterygii","Anguilliformes","Congridae","Conger","Conger myriaster","Conger myriaster",1
"finfish","Actinopterygii","Perciformes","Haemulidae","Conodon","Conodon nobilis","Conodon nobilis",1
"finfish","Actinopterygii","Salmoniformes","Salmonidae","Coregonus","Coregonus albula","Coregonus albula",2
"finfish","Actinopterygii","Salmoniformes","Salmonidae","Coregonus","Coregonus lavaretus","Coregonus lavaretus",2
"finfish","Actinopterygii","Perciformes","Coryphaenidae","Coryphaena","Coryphaena hippurus","Coryphaena hippurus",16
"finfish","Actinopterygii","Gadiformes","Macrouridae","Coryphaenoides","Coryphaenoides rupestris","Coryphaenoides rupestris",4
"invertebrate","Malacostraca","Decapoda","Crangonidae","Crangon","Crangon crangon","Crangon crangon",6
"invertebrate","Bivalvia","Ostreoida","Ostreidae","Crassostrea","Crassostrea gigas","Crassostrea gigas",3
"invertebrate","Bivalvia","Ostreoida","Ostreidae","Crassostrea","Crassostrea rhizophorae","Crassostrea rhizophorae",2
"invertebrate","Bivalvia","Ostreoida","Ostreidae","Crassostrea","Crassostrea virginica","Crassostrea virginica",4
"finfish","Actinopterygii","Scorpaeniformes","Cyclopteridae","Cyclopterus","Cyclopterus lumpus","Cyclopterus lumpus",4
"finfish","Actinopterygii","Perciformes","Sciaenidae","Cynoscion","Cynoscion analis","Cynoscion analis",1
"finfish","Actinopterygii","Perciformes","Sciaenidae","Cynoscion","Cynoscion guatucupa","Cynoscion guatucupa",1
"finfish","Actinopterygii","Perciformes","Sciaenidae","Cynoscion","Cynoscion nebulosus","Cynoscion nebulosus",2
"finfish","Actinopterygii","Perciformes","Sciaenidae","Cynoscion","Cynoscion regalis","Cynoscion regalis",2
"finfish","Actinopterygii","Perciformes","Sciaenidae","Cynoscion","Cynoscion striatus","Cynoscion striatus",1
"finfish","Actinopterygii","Beloniformes","Exocoetidae","Cheilopogon","Cypselurus agoo","Cheilopogon agoo",1
"finfish","Elasmobranchii","Squaliformes","Dalatiidae","Dalatias","Dalatias licha","Dalatias licha",1
"finfish","Elasmobranchii","Myliobatiformes","Dasyatidae","Dasyatis","Dasyatis akajei","Dasyatis akajei",1
"finfish","Actinopterygii","Perciformes","Carangidae","Decapterus","Decapterus maruadsi","Decapterus maruadsi",2
"finfish","Actinopterygii","Perciformes","Carangidae","Decapterus","Decapterus russelli","Decapterus russelli",5
"finfish","Actinopterygii","Perciformes","Sparidae","Dentex","Dentex angolensis","Dentex angolensis",1
"finfish","Actinopterygii","Perciformes","Sparidae","Dentex","Dentex dentex","Dentex dentex",3
"finfish","Actinopterygii","Perciformes","Sparidae","Dentex","Dentex macrophthalmus","Dentex macrophthalmus",1
"finfish","Actinopterygii","Perciformes","Moronidae","Dicentrarchus","Dicentrarchus labrax","Dicentrarchus labrax",8
"finfish","Actinopterygii","Perciformes","Moronidae","Dicentrarchus","Dicentrarchus punctatus","Dicentrarchus punctatus",1
"finfish","Actinopterygii","Pleuronectiformes","Soleidae","Dicologlossa","Dicologlossa cuneata","Dicologlossa cuneata",2
"finfish","Actinopterygii","Perciformes","Sparidae","Diplodus","Diplodus sargus","Diplodus sargus sargus",1
"finfish","Actinopterygii","Perciformes","Nototheniidae","Dissostichus","Dissostichus eleginoides","Dissostichus eleginoides",3
"invertebrate","Cephalopoda","Teuthida","Ommastrephidae","Dosidicus","Dosidicus gigas","Dosidicus gigas",3
"finfish","Actinopterygii","Perciformes","Drepaneidae","Drepane","Drepane africana","Drepane africana",3
"finfish","Actinopterygii","Perciformes","Drepaneidae","Drepane","Drepane punctata","Drepane punctata",1
"finfish","Actinopterygii","Clupeiformes","Dussumieriidae","Dussumieria","Dussumieria acuta","Dussumieria acuta",3
"finfish","Actinopterygii","Perciformes","Carangidae","Elagatis","Elagatis bipinnulata","Elagatis bipinnulata",4
"finfish","Actinopterygii","Perciformes","Eleginopsidae","Eleginops","Eleginops maclovinus","Eleginops maclovinus",1
"finfish","Actinopterygii","Gadiformes","Gadidae","Eleginus","Eleginus gracilis","Eleginus gracilis",1
"finfish","Actinopterygii","Gadiformes","Gadidae","Eleginus","Eleginus navaga","Eleginus nawaga",1
"finfish","Actinopterygii","Perciformes","Polynemidae","Eleutheronema","Eleutheronema tetradactylum","Eleutheronema tetradactylum",2
"finfish","Actinopterygii","Elopiformes","Elopidae","Elops","Elops lacerta","Elops lacerta",1
"finfish","Actinopterygii","Elopiformes","Elopidae","Elops","Elops saurus","Elops saurus",1
"finfish","Actinopterygii","Perciformes","Emmelichthyidae","Emmelichthys","Emmelichthys nitidus","Emmelichthys nitidus nitidus",2
"finfish","Actinopterygii","Clupeiformes","Engraulidae","Engraulis","Engraulis anchoita","Engraulis anchoita",1
"finfish","Actinopterygii","Clupeiformes","Engraulidae","Engraulis","Engraulis capensis","Engraulis capensis",2
"finfish","Actinopterygii","Clupeiformes","Engraulidae","Engraulis","Engraulis encrasicolus","Engraulis encrasicolus",20
"finfish","Actinopterygii","Clupeiformes","Engraulidae","Engraulis","Engraulis japonicus","Engraulis japonicus",4
"finfish","Actinopterygii","Clupeiformes","Engraulidae","Engraulis","Engraulis mordax","Engraulis mordax",2
"finfish","Actinopterygii","Clupeiformes","Engraulidae","Engraulis","Engraulis ringens","Engraulis ringens",2
"finfish","Actinopterygii","Perciformes","Epigonidae","Epigonus","Epigonus telescopus","Epigonus telescopus",1
"finfish","Actinopterygii","Perciformes","Serranidae","Epinephelus","Epinephelus aeneus","Epinephelus aeneus",1
"finfish","Actinopterygii","Perciformes","Serranidae","Epinephelus","Epinephelus marginatus","Epinephelus marginatus",2
"finfish","Actinopterygii","Perciformes","Serranidae","Epinephelus","Epinephelus morio","Epinephelus morio",2
"finfish","Actinopterygii","Esociformes","Esocidae","Esox","Esox lucius","Esox lucius",2
"finfish","Actinopterygii","Clupeiformes","Clupeidae","Ethmalosa","Ethmalosa fimbriata","Ethmalosa fimbriata",10
"finfish","Actinopterygii","Clupeiformes","Clupeidae","Ethmidium","Ethmidium maculatum","Ethmidium maculatum",2
"finfish","Actinopterygii","Clupeiformes","Dussumieriidae","Etrumeus","Etrumeus teres","Etrumeus sadina",3
"finfish","Actinopterygii","Clupeiformes","Dussumieriidae","Etrumeus","Etrumeus whiteheadi","Etrumeus whiteheadi",1
"finfish","Actinopterygii","Perciformes","Scombridae","Euthynnus","Euthynnus affinis","Euthynnus affinis",20
"finfish","Actinopterygii","Perciformes","Scombridae","Euthynnus","Euthynnus alletteratus","Euthynnus alletteratus",9
"finfish","Actinopterygii","Scorpaeniformes","Triglidae","Eutrigla","Eutrigla gurnardus","Eutrigla gurnardus",1
"finfish","Actinopterygii","Gadiformes","Gadidae","Gadus","Gadus macrocephalus","Gadus macrocephalus",5
"finfish","Actinopterygii","Gadiformes","Gadidae","Gadus","Gadus morhua","Gadus morhua",24
"finfish","Actinopterygii","Gadiformes","Gadidae","Gadus","Gadus ogac","Gadus ogac",1
"finfish","Actinopterygii","Perciformes","Polynemidae","Galeoides","Galeoides decadactylus","Galeoides decadactylus",9
"finfish","Elasmobranchii","Carcharhiniformes","Triakidae","Galeorhinus","Galeorhinus galeus","Galeorhinus galeus",2
"finfish","Actinopterygii","Gasterosteiformes","Gasterosteidae","Gasterosteus","Gasterosteus aculeatus","Gasterosteus aculeatus",1
"finfish","Actinopterygii","Ophidiiformes","Ophidiidae","Genypterus","Genypterus blacodes","Genypterus blacodes",4
"finfish","Actinopterygii","Ophidiiformes","Ophidiidae","Genypterus","Genypterus capensis","Genypterus capensis",2
"finfish","Actinopterygii","Ophidiiformes","Ophidiidae","Genypterus","Genypterus chilensis","Genypterus chilensis",1
"finfish","Actinopterygii","Ophidiiformes","Ophidiidae","Genypterus","Genypterus maculatus","Genypterus maculatus",1
"finfish","Actinopterygii","Perciformes","Kyphosidae","Girella","Girella tricuspidata","Girella tricuspidata",1
"finfish","Actinopterygii","Osmeriformes","Argentinidae","Glossanodon","Glossanodon semifasciatus","Glossanodon semifasciatus",1
"invertebrate","Bivalvia","Arcoida","Glycymerididae","Glycymeris","Glycymeris glycymeris","Glycymeris glycymeris",1
"finfish","Actinopterygii","Pleuronectiformes","Pleuronectidae","Glyptocephalus","Glyptocephalus cynoglossus","Glyptocephalus cynoglossus",9
"finfish","Actinopterygii","Perciformes","Carangidae","Gnathanodon","Gnathanodon speciosus","Gnathanodon speciosus",1
"finfish","Actinopterygii","Perciformes","Scombridae","Gymnosarda","Gymnosarda unicolor","Gymnosarda unicolor",1
"invertebrate","Gastropoda","Patellogastropoda","Haliotidae","Haliotis","Haliotis gigantea","Haliotis gigantea",1
"invertebrate","Gastropoda","Patellogastropoda","Haliotidae","Haliotis","Haliotis midae","Haliotis midae",1
"invertebrate","Gastropoda","Patellogastropoda","Haliotidae","Haliotis","Haliotis rubra","Haliotis rubra",2
"invertebrate","Malacostraca","Decapoda","Solenoceridae","Haliporoides","Haliporoides triarthrus","Haliporoides triarthrus",2
"finfish","Actinopterygii","Aulopiformes","Synodontidae","Harpadon","Harpadon nehereus","Harpadon nehereus",5
"finfish","Actinopterygii","Scorpaeniformes","Sebastidae","Helicolenus","Helicolenus dactylopterus","Helicolenus dactylopterus",3
"finfish","Actinopterygii","Beloniformes","Hemiramphidae","Hemiramphus","Hemiramphus brasiliensis","Hemiramphus brasiliensis",2
"invertebrate","Malacostraca","Decapoda","Pandalidae","Heterocarpus","Heterocarpus reedi","Heterocarpus reedi",1
"finfish","Actinopterygii","Pleuronectiformes","Pleuronectidae","Hippoglossoides","Hippoglossoides elassodon","Hippoglossoides elassodon",2
"finfish","Actinopterygii","Pleuronectiformes","Pleuronectidae","Hippoglossoides","Hippoglossoides platessoides","Hippoglossoides platessoides",5
"finfish","Actinopterygii","Pleuronectiformes","Pleuronectidae","Hippoglossus","Hippoglossus hippoglossus","Hippoglossus hippoglossus",6
"finfish","Actinopterygii","Pleuronectiformes","Pleuronectidae","Hippoglossus","Hippoglossus stenolepis","Hippoglossus stenolepis",2
"invertebrate","Malacostraca","Decapoda","Nephropidae","Homarus","Homarus americanus","Homarus americanus",2
"invertebrate","Malacostraca","Decapoda","Nephropidae","Homarus","Homarus gammarus","Homarus gammarus",3
"finfish","Actinopterygii","Beryciformes","Trachichthyidae","Hoplostethus","Hoplostethus atlanticus","Hoplostethus atlanticus",4
"finfish","Holocephali","Chimaeriformes","Chimaeridae","Hydrolagus","Hydrolagus novaezealandiae","Hydrolagus novaezealandiae",1
"finfish","Actinopterygii","Perciformes","Centrolophidae","Hyperoglyphe","Hyperoglyphe antarctica","Hyperoglyphe antarctica",1
"finfish","Actinopterygii","Gasterosteiformes","Hypoptychidae","Hypoptychus","Hypoptychus dybowskii","Hypoptychus dybowskii",1
"finfish","Actinopterygii","Beloniformes","Hemiramphidae","Hyporhamphus","Hyporhamphus sajori","Hyporhamphus sajori",1
"invertebrate","Malacostraca","Decapoda","Scyllaridae","Ibacus","Ibacus ciliatus","Ibacus ciliatus",1
"finfish","Actinopterygii","Clupeiformes","Pristigasteridae","Ilisha","Ilisha africana","Ilisha africana",4
"finfish","Actinopterygii","Clupeiformes","Pristigasteridae","Ilisha","Ilisha elongata","Ilisha elongata",2
"invertebrate","Cephalopoda","Teuthida","Ommastrephidae","Illex","Illex argentinus","Illex argentinus",3
"invertebrate","Cephalopoda","Teuthida","Ommastrephidae","Illex","Illex coindetii","Illex coindetii",2
"invertebrate","Cephalopoda","Teuthida","Ommastrephidae","Illex","Illex illecebrosus","Illex illecebrosus",3
"finfish","Actinopterygii","Perciformes","Haemulidae","Isacia","Isacia conceptionis","Isacia conceptionis",2
"finfish","Actinopterygii","Perciformes","Istiophoridae","Istiophorus","Istiophorus albicans","Istiophorus albicans",1
"finfish","Actinopterygii","Perciformes","Istiophoridae","Istiophorus","Istiophorus platypterus","Istiophorus platypterus",8
"finfish","Elasmobranchii","Lamniformes","Lamnidae","Isurus","Isurus oxyrinchus","Isurus oxyrinchus",1
"invertebrate","Malacostraca","Decapoda","Palinuridae","Jasus","Jasus edwardsii","Jasus edwardsii",1
"invertebrate","Malacostraca","Decapoda","Palinuridae","Jasus","Jasus lalandii","Jasus lalandii",2
"invertebrate","Malacostraca","Decapoda","Palinuridae","Jasus","Jasus novaehollandiae","Jasus novaehollandiae",1
"invertebrate","Malacostraca","Decapoda","Palinuridae","Jasus","Jasus paulensis","Jasus paulensis",1
"invertebrate","Malacostraca","Decapoda","Palinuridae","Jasus","Jasus tristani","Jasus tristani",1
"finfish","Actinopterygii","Mugiliformes","Mugilidae","Joturus","Joturus pichardi","Joturus pichardi",1
"finfish","Actinopterygii","Perciformes","Uranoscopidae","Kathetostoma","Kathetostoma giganteum","Kathetostoma giganteum",1
"finfish","Actinopterygii","Clupeiformes","Clupeidae","Konosirus","Konosirus punctatus","Konosirus punctatus",1
"finfish","Actinopterygii","Perciformes","Lactariidae","Lactarius","Lactarius lactarius","Lactarius lactarius",4
"finfish","Elasmobranchii","Lamniformes","Lamnidae","Lamna","Lamna nasus","Lamna nasus",1
"finfish","Actinopterygii","Myctophiformes","Myctophidae","Lampanyctodes","Lampanyctodes hectoris","Lampanyctodes hectoris",1
"finfish","Actinopterygii","Perciformes","Sciaenidae","Larimichthys","Larimichthys croceus","Larimichthys crocea",2
"finfish","Actinopterygii","Perciformes","Sciaenidae","Larimichthys","Larimichthys polyactis","Larimichthys polyactis",4
"finfish","Actinopterygii","Perciformes","Lateolabracidae","Lateolabrax","Lateolabrax japonicus","Lateolabrax japonicus",2
"finfish","Actinopterygii","Perciformes","Latidae","Lates","Lates calcarifer","Lates calcarifer",5
"finfish","Actinopterygii","Perciformes","Sciaenidae","Leiostomus","Leiostomus xanthurus","Leiostomus xanthurus",2
"finfish","Actinopterygii","Pleuronectiformes","Pleuronectidae","Lepidopsetta","Lepidopsetta bilineata","Lepidopsetta bilineata",1
"finfish","Actinopterygii","Perciformes","Trichiuridae","Lepidopus","Lepidopus caudatus","Lepidopus caudatus",5
"finfish","Actinopterygii","Pleuronectiformes","Scophthalmidae","Lepidorhombus","Lepidorhombus whiffiagonis","Lepidorhombus whiffiagonis",4
"finfish","Actinopterygii","Gadiformes","Macrouridae","Lepidorhynchus","Lepidorhynchus denticulatus","Lepidorhynchus denticulatus",1
"finfish","Actinopterygii","Perciformes","Carangidae","Lichia","Lichia amia","Lichia amia",3
"finfish","Actinopterygii","Pleuronectiformes","Pleuronectidae","Limanda","Limanda aspera","Limanda aspera",1
"finfish","Actinopterygii","Pleuronectiformes","Pleuronectidae","Limanda","Limanda ferruginea","Limanda ferruginea",2
"finfish","Actinopterygii","Pleuronectiformes","Pleuronectidae","Limanda","Limanda limanda","Limanda limanda",7
"invertebrate","Malacostraca","Decapoda","Lithodidae","Lithodes","Lithodes aequispina","Lithodes aequispinus",1
"invertebrate","Malacostraca","Decapoda","Lithodidae","Lithodes","Lithodes santolla","Lithodes santolla",1
"finfish","Actinopterygii","Perciformes","Sparidae","Lithognathus","Lithognathus mormyrus","Lithognathus mormyrus",2
"invertebrate","Gastropoda","Neotaenioglossa","Littorinidae","Littorina","Littorina littorea","Littorina littorea",1
"invertebrate","Cephalopoda","Teuthida","Loliginidae","Doryteuthis","Loligo gahi","Doryteuthis gahi",2
"invertebrate","Cephalopoda","Teuthida","Loliginidae","Doryteuthis","Loligo pealeii","Doryteuthis pealeii",1
"invertebrate","Cephalopoda","Teuthida","Loliginidae","Loligo","Loligo reynaudii","Loligo vulgaris",1
"finfish","Actinopterygii","Lophiiformes","Lophiidae","Lophius","Lophius americanus","Lophius americanus",2
"finfish","Actinopterygii","Lophiiformes","Lophiidae","Lophius","Lophius gastrophysus","Lophius gastrophysus",1
"finfish","Actinopterygii","Lophiiformes","Lophiidae","Lophius","Lophius piscatorius","Lophius piscatorius",6
"finfish","Actinopterygii","Lophiiformes","Lophiidae","Lophius","Lophius vomerinus","Lophius vomerinus",2
"finfish","Actinopterygii","Perciformes","Malacanthidae","Lopholatilus","Lopholatilus chamaeleonticeps","Lopholatilus chamaeleonticeps",1
"finfish","Actinopterygii","Gadiformes","Lotidae","Lota","Lota lota","Lota lota",1
"finfish","Actinopterygii","Perciformes","Lutjanidae","Lutjanus","Lutjanus argentimaculatus","Lutjanus argentimaculatus",3
"finfish","Actinopterygii","Perciformes","Lutjanidae","Lutjanus","Lutjanus argentiventris","Lutjanus argentiventris",1
"finfish","Actinopterygii","Perciformes","Lutjanidae","Lutjanus","Lutjanus campechanus","Lutjanus campechanus",2
"finfish","Actinopterygii","Perciformes","Lutjanidae","Lutjanus","Lutjanus purpureus","Lutjanus purpureus",3
"finfish","Actinopterygii","Perciformes","Lutjanidae","Lutjanus","Lutjanus synagris","Lutjanus synagris",3
"finfish","Actinopterygii","Perciformes","Sciaenidae","Macrodon","Macrodon ancylodon","Macrodon ancylodon",2
"finfish","Actinopterygii","Gadiformes","Macrouridae","Macrourus","Macrourus carinatus","Macrourus carinatus",1
"finfish","Actinopterygii","Gadiformes","Merlucciidae","Macruronus","Macruronus magellanicus","Macruronus magellanicus",3
"finfish","Actinopterygii","Gadiformes","Merlucciidae","Macruronus","Macruronus novaezelandiae","Macruronus novaezelandiae",2
"invertebrate","Malacostraca","Decapoda","Majidae","Maja","Maja squinado","Maja squinado",2
"finfish","Actinopterygii","Osmeriformes","Osmeridae","Mallotus","Mallotus villosus","Mallotus villosus",7
"finfish","Actinopterygii","Perciformes","Carangidae","Megalaspis","Megalaspis cordyla","Megalaspis cordyla",8
"finfish","Actinopterygii","Elopiformes","Megalopidae","Megalops","Megalops atlanticus","Megalops atlanticus",1
"finfish","Actinopterygii","Elopiformes","Megalopidae","Megalops","Megalops cyprinoides","Megalops cyprinoides",1
"finfish","Actinopterygii","Gadiformes","Gadidae","Melanogrammus","Melanogrammus aeglefinus","Melanogrammus aeglefinus",16
"finfish","Actinopterygii","Perciformes","Menidae","Mene","Mene maculata","Mene maculata",2
"invertebrate","Malacostraca","Decapoda","Menippidae","Menippe","Menippe mercenaria","Menippe mercenaria",1
"finfish","Actinopterygii","Perciformes","Sciaenidae","Menticirrhus","Menticirrhus littoralis","Menticirrhus littoralis",2
"invertebrate","Bivalvia","Veneroida","Veneridae","Mercenaria","Mercenaria mercenaria","Mercenaria mercenaria",2
"invertebrate","Bivalvia","Veneroida","Veneridae","Meretrix","Meretrix lusoria","Meretrix lusoria",2
"finfish","Actinopterygii","Gadiformes","Gadidae","Merlangius","Merlangius merlangus","Merlangius merlangus",13
"finfish","Actinopterygii","Gadiformes","Merlucciidae","Merluccius","Merluccius australis","Merluccius australis",3
"finfish","Actinopterygii","Gadiformes","Merlucciidae","Merluccius","Merluccius bilinearis","Merluccius bilinearis",2
"finfish","Actinopterygii","Gadiformes","Merlucciidae","Merluccius","Merluccius gayi","Merluccius gayi gayi",2
"finfish","Actinopterygii","Gadiformes","Merlucciidae","Merluccius","Merluccius hubbsi","Merluccius hubbsi",4
"finfish","Actinopterygii","Gadiformes","Merlucciidae","Merluccius","Merluccius merluccius","Merluccius merluccius",17
"finfish","Actinopterygii","Gadiformes","Merlucciidae","Merluccius","Merluccius productus","Merluccius productus",2
"finfish","Actinopterygii","Gadiformes","Merlucciidae","Merluccius","Merluccius senegalensis","Merluccius senegalensis",2
"invertebrate","Bivalvia","Veneroida","Mesodesmatidae","Mesodesma","Mesodesma donacium","Mesodesma donacium",1
"invertebrate","Malacostraca","Decapoda","Nephropidae","Metanephrops","Metanephrops challengeri","Metanephrops challengeri",1
"invertebrate","Malacostraca","Decapoda","Penaeidae","Metapenaeus","Metapenaeus endeavouri","Metapenaeus endeavouri",2
"invertebrate","Malacostraca","Decapoda","Penaeidae","Metapenaeus","Metapenaeus joyneri","Metapenaeus joyneri",1
"finfish","Actinopterygii","Gadiformes","Gadidae","Micromesistius","Micromesistius australis","Micromesistius australis",4
"finfish","Actinopterygii","Gadiformes","Gadidae","Micromesistius","Micromesistius poutassou","Micromesistius poutassou",17
"finfish","Actinopterygii","Perciformes","Sciaenidae","Micropogonias","Micropogonias furnieri","Micropogonias furnieri",4
"finfish","Actinopterygii","Perciformes","Sciaenidae","Micropogonias","Micropogonias undulatus","Micropogonias undulatus",2
"finfish","Actinopterygii","Pleuronectiformes","Pleuronectidae","Microstomus","Microstomus kitt","Microstomus kitt",8
"finfish","Actinopterygii","Gadiformes","Lotidae","Molva","Molva dypterygia","Molva dypterygia",5
"finfish","Actinopterygii","Gadiformes","Lotidae","Molva","Molva molva","Molva molva",10
"finfish","Actinopterygii","Gadiformes","Moridae","Mora","Mora moro","Mora moro",1
"finfish","Actinopterygii","Perciformes","Moronidae","Morone","Morone saxatilis","Morone saxatilis",1
"finfish","Actinopterygii","Mugiliformes","Mugilidae","Mugil","Mugil cephalus","Mugil cephalus",10
"finfish","Actinopterygii","Mugiliformes","Mugilidae","Mugil","Mugil liza","Mugil liza",1
"finfish","Actinopterygii","Mugiliformes","Mugilidae","Liza","Mugil soiuy","Liza haematocheila",1
"finfish","Actinopterygii","Perciformes","Mullidae","Mullus","Mullus barbatus","Mullus barbatus barbatus",3
"finfish","Actinopterygii","Perciformes","Mullidae","Mullus","Mullus surmuletus","Mullus surmuletus",6
"finfish","Actinopterygii","Anguilliformes","Muraenesocidae","Muraenesox","Muraenesox cinereus","Muraenesox cinereus",8
"finfish","Elasmobranchii","Carcharhiniformes","Triakidae","Mustelus","Mustelus antarcticus","Mustelus antarcticus",1
"finfish","Elasmobranchii","Carcharhiniformes","Triakidae","Mustelus","Mustelus lenticulatus","Mustelus lenticulatus",1
"finfish","Elasmobranchii","Carcharhiniformes","Triakidae","Mustelus","Mustelus schmitti","Mustelus schmitti",2
"invertebrate","Bivalvia","Myoida","Myidae","Mya","Mya arenaria","Mya arenaria",2
"invertebrate","Bivalvia","Mytiloida","Mytilidae","Mytilus","Mytilus chilensis","Mytilus chilensis",1
"invertebrate","Bivalvia","Mytiloida","Mytilidae","Mytilus","Mytilus coruscus","Mytilus coruscus",1
"invertebrate","Bivalvia","Mytiloida","Mytilidae","Mytilus","Mytilus edulis","Mytilus edulis",5
"invertebrate","Bivalvia","Mytiloida","Mytilidae","Mytilus","Mytilus galloprovincialis","Mytilus galloprovincialis",3
"invertebrate","Bivalvia","Mytiloida","Mytilidae","Mytilus","Mytilus platensis","Mytilus platensis",2
"finfish","Actinopterygii","Perciformes","Acanthuridae","Naso","Naso unicornis","Naso unicornis",1
"finfish","Actinopterygii","Perciformes","Cheilodactylidae","Nemadactylus","Nemadactylus macropterus","Nemadactylus macropterus",1
"finfish","Actinopterygii","Perciformes","Nemipteridae","Nemipterus","Nemipterus virgatus","Nemipterus virgatus",1
"invertebrate","Malacostraca","Decapoda","Nephropidae","Nephrops","Nephrops norvegicus","Nephrops norvegicus",12
"finfish","Actinopterygii","Perciformes","Sciaenidae","Nibea","Nibea mitsukurii","Nibea mitsukurii",1
"finfish","Actinopterygii","Scorpaeniformes","Normanichthyidae","Normanichthys","Normanichthys crockeri","Normanichthys crockeri",1
"invertebrate","Cephalopoda","Teuthida","Ommastrephidae","Nototodarus","Nototodarus sloanii","Nototodarus sloanii",1
"finfish","Actinopterygii","Perciformes","Sparidae","Oblada","Oblada melanura","Oblada melanura",1
"invertebrate","Cephalopoda","Octopoda","Octopodidae","Octopus","Octopus vulgaris","Octopus vulgaris",7
"finfish","Actinopterygii","Perciformes","Lutjanidae","Ocyurus","Ocyurus chrysurus","Ocyurus chrysurus",3
"finfish","Actinopterygii","Atheriniformes","Atherinopsidae","Odontesthes","Odontesthes regia","Odontesthes regia",1
"finfish","Actinopterygii","Salmoniformes","Salmonidae","Oncorhynchus","Oncorhynchus gorbuscha","Oncorhynchus gorbuscha",4
"finfish","Actinopterygii","Salmoniformes","Salmonidae","Oncorhynchus","Oncorhynchus keta","Oncorhynchus keta",4
"finfish","Actinopterygii","Salmoniformes","Salmonidae","Oncorhynchus","Oncorhynchus kisutch","Oncorhynchus kisutch",4
"finfish","Actinopterygii","Salmoniformes","Salmonidae","Oncorhynchus","Oncorhynchus masou","Oncorhynchus masou masou",1
"finfish","Actinopterygii","Salmoniformes","Salmonidae","Oncorhynchus","Oncorhynchus nerka","Oncorhynchus nerka",4
"finfish","Actinopterygii","Salmoniformes","Salmonidae","Oncorhynchus","Oncorhynchus tshawytscha","Oncorhynchus tshawytscha",5
"finfish","Actinopterygii","Scorpaeniformes","Hexagrammidae","Ophiodon","Ophiodon elongatus","Ophiodon elongatus",3
"finfish","Actinopterygii","Clupeiformes","Clupeidae","Opisthonema","Opisthonema libertate","Opisthonema libertate",2
"finfish","Actinopterygii","Clupeiformes","Clupeidae","Opisthonema","Opisthonema oglinum","Opisthonema oglinum",4
"finfish","Actinopterygii","Perciformes","Scombridae","Orcynopsis","Orcynopsis unicolor","Orcynopsis unicolor",1
"finfish","Actinopterygii","Osmeriformes","Osmeridae","Osmerus","Osmerus eperlanus","Osmerus eperlanus",3
"finfish","Actinopterygii","Osmeriformes","Osmeridae","Osmerus","Osmerus mordax","Osmerus mordax",1
"invertebrate","Bivalvia","Ostreoida","Ostreidae","Ostrea","Ostrea edulis","Ostrea edulis",4
"invertebrate","Bivalvia","Ostreoida","Ostreidae","Ostrea","Ostrea lutaria","Ostrea lutaria",1
"finfish","Actinopterygii","Perciformes","Sparidae","Pagellus","Pagellus acarne","Pagellus acarne",1
"finfish","Actinopterygii","Perciformes","Sparidae","Pagellus","Pagellus bellottii","Pagellus bellottii",3
"finfish","Actinopterygii","Perciformes","Sparidae","Pagellus","Pagellus bogaraveo","Pagellus bogaraveo",2
"finfish","Actinopterygii","Perciformes","Sparidae","Pagellus","Pagellus erythrinus","Pagellus erythrinus",4
"finfish","Actinopterygii","Perciformes","Sparidae","Pagrus","Pagrus auratus","Pagrus auratus",6
"finfish","Actinopterygii","Perciformes","Sparidae","Pagrus","Pagrus pagrus","Pagrus pagrus",5
"invertebrate","Malacostraca","Decapoda","Palaemonidae","Palaemon","Palaemon serratus","Palaemon serratus",1
"invertebrate","Malacostraca","Decapoda","Palinuridae","Palinurus","Palinurus elephas","Palinurus elephas",1
"invertebrate","Malacostraca","Decapoda","Palinuridae","Palinurus","Palinurus gilchristi","Palinurus gilchristi",1
"finfish","Actinopterygii","Perciformes","Stromateidae","Pampus","Pampus argenteus","Pampus argenteus",9
"invertebrate","Malacostraca","Decapoda","Pandalidae","Pandalus","Pandalus borealis","Pandalus borealis",12
"invertebrate","Bivalvia","Myoida","Hiatellidae","Panopea","Panopea generosa","Panopea generosa",2
"invertebrate","Malacostraca","Decapoda","Palinuridae","Panulirus","Panulirus argus","Panulirus argus",11
"invertebrate","Malacostraca","Decapoda","Palinuridae","Panulirus","Panulirus cygnus","Panulirus cygnus",1
"invertebrate","Malacostraca","Decapoda","Palinuridae","Panulirus","Panulirus homarus","Panulirus homarus",1
"invertebrate","Malacostraca","Decapoda","Palinuridae","Panulirus","Panulirus longipes","Panulirus longipes",1
"invertebrate","Bivalvia","Veneroida","Mesodesmatidae","Paphies","Paphies australis","Paphies australis",2
"finfish","Actinopterygii","Perciformes","Serranidae","Paralabrax","Paralabrax humeralis","Paralabrax humeralis",1
"finfish","Actinopterygii","Pleuronectiformes","Paralichthyidae","Paralichthys","Paralichthys dentatus","Paralichthys dentatus",1
"finfish","Actinopterygii","Pleuronectiformes","Paralichthyidae","Paralichthys","Paralichthys olivaceus","Paralichthys olivaceus",2
"invertebrate","Malacostraca","Decapoda","Lithodidae","Paralithodes","Paralithodes brevipes","Paralithodes brevipes",1
"invertebrate","Malacostraca","Decapoda","Lithodidae","Paralithodes","Paralithodes camtschaticus","Paralithodes camtschaticus",3
"invertebrate","Malacostraca","Decapoda","Lithodidae","Paralithodes","Paralithodes platypus","Paralithodes platypus",1
"invertebrate","Malacostraca","Decapoda","Lithodidae","Paralomis","Paralomis granulosa","Paralomis granulosa",1
"finfish","Actinopterygii","Perciformes","Sciaenidae","Paralonchurus","Paralonchurus peruanus","Paralonchurus peruanus",1
"invertebrate","Malacostraca","Decapoda","Penaeidae","Parapenaeus","Parapenaeus longirostris","Parapenaeus longirostris",8
"finfish","Actinopterygii","Perciformes","Pinguipedidae","Parapercis","Parapercis colias","Parapercis colias",1
"finfish","Actinopterygii","Perciformes","Carangidae","Parastromateus","Parastromateus niger","Parastromateus niger",8
"finfish","Actinopterygii","Tetraodontiformes","Monacanthidae","Meuschenia","Parika scaber","Meuschenia scaber",1
"finfish","Actinopterygii","Perciformes","Carangidae","Parona","Parona signata","Parona signata",2
"invertebrate","Bivalvia","Ostreoida","Pectinidae","Patinopecten","Patinopecten caurinus","Patinopecten caurinus",1
"invertebrate","Bivalvia","Ostreoida","Pectinidae","Mizuhopecten","Patinopecten yessoensis","Mizuhopecten yessoensis",2
"invertebrate","Bivalvia","Ostreoida","Pectinidae","Pecten","Pecten maximus","Pecten maximus",6
"invertebrate","Bivalvia","Ostreoida","Pectinidae","Pecten","Pecten novaezelandiae","Pecten novaezelandiae",1
"finfish","Actinopterygii","Clupeiformes","Pristigasteridae","Pellona","Pellona ditchela","Pellona ditchela",3
"invertebrate","Malacostraca","Decapoda","Penaeidae","Farfantepenaeus","Penaeus aztecus","Farfantepenaeus aztecus",2
"invertebrate","Malacostraca","Decapoda","Penaeidae","Farfantepenaeus","Penaeus brasiliensis","Farfantepenaeus brasiliensis",1
"invertebrate","Malacostraca","Decapoda","Penaeidae","Farfantepenaeus","Penaeus brevirostris","Farfantepenaeus brevirostris",3
"invertebrate","Malacostraca","Decapoda","Penaeidae","Farfantepenaeus","Penaeus californiensis","Farfantepenaeus californiensis",1
"invertebrate","Malacostraca","Decapoda","Penaeidae","Fenneropenaeus","Penaeus chinensis","Fenneropenaeus chinensis",2
"invertebrate","Malacostraca","Decapoda","Penaeidae","Farfantepenaeus","Penaeus duorarum","Farfantepenaeus duorarum",2
"invertebrate","Malacostraca","Decapoda","Penaeidae","Marsupenaeus","Penaeus japonicus","Marsupenaeus japonicus",3
"invertebrate","Malacostraca","Decapoda","Penaeidae","Melicertus","Penaeus kerathurus","Melicertus kerathurus",2
"invertebrate","Malacostraca","Decapoda","Penaeidae","Melicertus","Penaeus latisulcatus","Melicertus latisulcatus",2
"invertebrate","Malacostraca","Decapoda","Penaeidae","Fenneropenaeus","Penaeus merguiensis","Fenneropenaeus merguiensis",6
"invertebrate","Malacostraca","Decapoda","Penaeidae","Penaeus","Penaeus monodon","Penaeus monodon",8
"invertebrate","Malacostraca","Decapoda","Penaeidae","Farfantepenaeus","Penaeus notialis","Farfantepenaeus notialis",4
"invertebrate","Malacostraca","Decapoda","Penaeidae","Litopenaeus","Penaeus occidentalis","Litopenaeus occidentalis",1
"invertebrate","Malacostraca","Decapoda","Penaeidae","Penaeus","Penaeus penicillatus","Penaeus penicillatus",1
"invertebrate","Malacostraca","Decapoda","Penaeidae","Penaeus","Penaeus semisulcatus","Penaeus semisulcatus",3
"invertebrate","Malacostraca","Decapoda","Penaeidae","Litopenaeus","Penaeus setiferus","Litopenaeus setiferus",1
"invertebrate","Malacostraca","Decapoda","Penaeidae","Litopenaeus","Penaeus vannamei","Litopenaeus vannamei",2
"finfish","Actinopterygii","Perciformes","Sciaenidae","Pennahia","Pennahia argentata","Pennahia argentata",1
"finfish","Actinopterygii","Perciformes","Polynemidae","Pentanemus","Pentanemus quinquarius","Pentanemus quinquarius",3
"finfish","Actinopterygii","Perciformes","Percidae","Perca","Perca fluviatilis","Perca fluviatilis",4
"finfish","Actinopterygii","Perciformes","Percophidae","Percophis","Percophis brasiliensis","Percophis brasiliensis",2
"invertebrate","Bivalvia","Mytiloida","Mytilidae","Perna","Perna perna","Perna perna",1
"invertebrate","Bivalvia","Mytiloida","Mytilidae","Perna","Perna viridis","Perna viridis",2
"finfish","Actinopterygii","Gadiformes","Phycidae","Phycis","Phycis blennoides","Phycis blennoides",3
"invertebrate","Bivalvia","Ostreoida","Pectinidae","Placopecten","Placopecten magellanicus","Placopecten magellanicus",3
"finfish","Actinopterygii","Perciformes","Emmelichthyidae","Plagiogeneion","Plagiogeneion rubiginosum","Plagiogeneion rubiginosum",1
"finfish","Actinopterygii","Pleuronectiformes","Pleuronectidae","Platichthys","Platichthys flesus","Platichthys flesus",10
"finfish","Actinopterygii","Scorpaeniformes","Platycephalidae","Platycephalus","Platycephalus indicus","Platycephalus indicus",1
"finfish","Actinopterygii","Perciformes","Haemulidae","Plectorhinchus","Plectorhinchus mediterraneus","Plectorhinchus mediterraneus",1
"invertebrate","Malacostraca","Decapoda","Solenoceridae","Pleoticus","Pleoticus muelleri","Pleoticus muelleri",1
"finfish","Actinopterygii","Scorpaeniformes","Hexagrammidae","Pleurogrammus","Pleurogrammus azonus","Pleurogrammus azonus",4
"finfish","Actinopterygii","Scorpaeniformes","Hexagrammidae","Pleurogrammus","Pleurogrammus monopterygius","Pleurogrammus monopterygius",1
"invertebrate","Malacostraca","Decapoda","Galatheidae","Pleuroncodes","Pleuroncodes monodon","Pleuroncodes monodon",1
"invertebrate","Malacostraca","Decapoda","Galatheidae","Pleuroncodes","Pleuroncodes planipes","Pleuroncodes planipes",1
"finfish","Actinopterygii","Pleuronectiformes","Pleuronectidae","Pleuronectes","Pleuronectes platessa","Pleuronectes platessa",12
"finfish","Actinopterygii","Perciformes","Sciaenidae","Pogonias","Pogonias cromis","Pogonias cromis",3
"finfish","Actinopterygii","Gadiformes","Gadidae","Pollachius","Pollachius pollachius","Pollachius pollachius",7
"finfish","Actinopterygii","Gadiformes","Gadidae","Pollachius","Pollachius virens","Pollachius virens",16
"finfish","Actinopterygii","Perciformes","Polynemidae","Polydactylus","Polydactylus quadrifilis","Polydactylus quadrifilis",2
"finfish","Actinopterygii","Perciformes","Polyprionidae","Polyprion","Polyprion americanus","Polyprion americanus",1
"finfish","Actinopterygii","Perciformes","Polyprionidae","Polyprion","Polyprion oxygeneios","Polyprion oxygeneios",1
"finfish","Actinopterygii","Perciformes","Haemulidae","Pomadasys","Pomadasys argenteus","Pomadasys argenteus",2
"finfish","Actinopterygii","Perciformes","Haemulidae","Pomadasys","Pomadasys jubelini","Pomadasys jubelini",3
"finfish","Actinopterygii","Perciformes","Pomatomidae","Pomatomus","Pomatomus saltatrix","Pomatomus saltatrix",8
"invertebrate","Malacostraca","Decapoda","Portunidae","Portunus","Portunus pelagicus","Portunus pelagicus",11
"invertebrate","Malacostraca","Decapoda","Portunidae","Portunus","Portunus trituberculatus","Portunus trituberculatus",3
"finfish","Actinopterygii","Perciformes","Priacanthidae","Priacanthus","Priacanthus macracanthus","Priacanthus macracanthus",1
"finfish","Elasmobranchii","Carcharhiniformes","Carcharhinidae","Prionace","Prionace glauca","Prionace glauca",4
"invertebrate","Bivalvia","Veneroida","Veneridae","Leukoma","Protothaca thaca","Leukoma thaca",1
"finfish","Actinopterygii","Perciformes","Centrolophidae","Psenopsis","Psenopsis anomala","Psenopsis anomala",2
"finfish","Actinopterygii","Pleuronectiformes","Scophthalmidae","Scophthalmus","Psetta maxima","Scophthalmus maximus",7
"finfish","Actinopterygii","Pleuronectiformes","Psettodidae","Psettodes","Psettodes erumei","Psettodes erumei",5
"finfish","Actinopterygii","Perciformes","Carangidae","Pseudocaranx","Pseudocaranx dentex","Pseudocaranx dentex",2
"invertebrate","Bivalvia","Veneroida","Mactridae","Pseudocardium","Pseudocardium sybillae","Pseudocardium sybillae",2
"finfish","Actinopterygii","Perciformes","Pinguipedidae","Pseudopercis","Pseudopercis semifasciata","Pseudopercis semifasciata",1
"finfish","Actinopterygii","Gadiformes","Moridae","Pseudophycis","Pseudophycis bachus","Pseudophycis bachus",1
"finfish","Actinopterygii","Pleuronectiformes","Pleuronectidae","Pseudopleuronectes","Pseudopleuronectes americanus","Pseudopleuronectes americanus",2
"finfish","Actinopterygii","Pleuronectiformes","Pleuronectidae","Pseudopleuronectes","Pseudopleuronectes herzenst.","Pseudopleuronectes herzensteini",1
"finfish","Actinopterygii","Perciformes","Sciaenidae","Pseudotolithus","Pseudotolithus elongatus","Pseudotolithus elongatus",4
"finfish","Actinopterygii","Perciformes","Sciaenidae","Pseudotolithus","Pseudotolithus senegalensis","Pseudotolithus senegalensis",2
"finfish","Actinopterygii","Perciformes","Sciaenidae","Pseudotolithus","Pseudotolithus senegallus","Pseudotolithus senegallus",1
"finfish","Actinopterygii","Perciformes","Mullidae","Pseudupeneus","Pseudupeneus prayensis","Pseudupeneus prayensis",2
"finfish","Actinopterygii","Perciformes","Sparidae","Pterogymnus","Pterogymnus laniarius","Pterogymnus laniarius",2
"finfish","Actinopterygii","Perciformes","Sciaenidae","Pteroscion","Pteroscion peli","Pteroscion peli",2
"finfish","Actinopterygii","Perciformes","Rachycentridae","Rachycentron","Rachycentron canadum","Rachycentron canadum",6
"finfish","Elasmobranchii","Rajiformes","Rajidae","Dipturus","Raja batis","Dipturus batis",1
"finfish","Elasmobranchii","Rajiformes","Rajidae","Leucoraja","Raja circularis","Leucoraja circularis",1
"finfish","Elasmobranchii","Rajiformes","Rajidae","Raja","Raja clavata","Raja clavata",1
"finfish","Elasmobranchii","Rajiformes","Rajidae","Raja","Raja montagui","Raja montagui",1
"finfish","Elasmobranchii","Rajiformes","Rajidae","Leucoraja","Raja naevus","Leucoraja naevus",1
"finfish","Elasmobranchii","Rajiformes","Rajidae","Amblyraja","Raja radiata","Amblyraja radiata",1
"finfish","Actinopterygii","Perciformes","Scombridae","Rastrelliger","Rastrelliger brachysoma","Rastrelliger brachysoma",3
"finfish","Actinopterygii","Perciformes","Scombridae","Rastrelliger","Rastrelliger kanagurta","Rastrelliger kanagurta",13
"finfish","Actinopterygii","Pleuronectiformes","Pleuronectidae","Reinhardtius","Reinhardtius hippoglossoides","Reinhardtius hippoglossoides",10
"finfish","Actinopterygii","Perciformes","Gempylidae","Rexea","Rexea solandri","Rexea solandri",3
"finfish","Elasmobranchii","Rajiformes","Rhinobatidae","Rhinobatos","Rhinobatos percellens","Rhinobatos percellens",1
"finfish","Elasmobranchii","Rajiformes","Rhinobatidae","Rhinobatos","Rhinobatos planiceps","Rhinobatos planiceps",1
"invertebrate","Bivalvia","Veneroida","Veneridae","Ruditapes","Ruditapes decussatus","Ruditapes decussatus",2
"invertebrate","Bivalvia","Veneroida","Veneridae","Ruditapes","Ruditapes philippinarum","Ruditapes philippinarum",2
"finfish","Actinopterygii","Cypriniformes","Cyprinidae","Rutilus","Rutilus rutilus","Rutilus rutilus",3
"finfish","Actinopterygii","Perciformes","Gempylidae","Ruvettus","Ruvettus pretiosus","Ruvettus pretiosus",1
"finfish","Actinopterygii","Gadiformes","Moridae","Salilota","Salilota australis","Salilota australis",3
"finfish","Actinopterygii","Salmoniformes","Salmonidae","Salmo","Salmo salar","Salmo salar",8
"finfish","Actinopterygii","Salmoniformes","Salmonidae","Salmo","Salmo trutta","Salmo trutta",2
"finfish","Actinopterygii","Perciformes","Percidae","Sander","Sander lucioperca","Sander lucioperca",5
"finfish","Actinopterygii","Perciformes","Scombridae","Sarda","Sarda chiliensis","Sarda chiliensis",4
"finfish","Actinopterygii","Perciformes","Scombridae","Sarda","Sarda orientalis","Sarda orientalis",1
"finfish","Actinopterygii","Perciformes","Scombridae","Sarda","Sarda sarda","Sarda sarda",14
"finfish","Actinopterygii","Clupeiformes","Clupeidae","Sardina","Sardina pilchardus","Sardina pilchardus",18
"finfish","Actinopterygii","Clupeiformes","Clupeidae","Sardinella","Sardinella aurita","Sardinella aurita",9
"finfish","Actinopterygii","Clupeiformes","Clupeidae","Sardinella","Sardinella brasiliensis","Sardinella brasiliensis",1
"finfish","Actinopterygii","Clupeiformes","Clupeidae","Sardinella","Sardinella gibbosa","Sardinella gibbosa",2
"finfish","Actinopterygii","Clupeiformes","Clupeidae","Sardinella","Sardinella lemuru","Sardinella lemuru",2
"finfish","Actinopterygii","Clupeiformes","Clupeidae","Sardinella","Sardinella longiceps","Sardinella longiceps",6
"finfish","Actinopterygii","Clupeiformes","Clupeidae","Sardinella","Sardinella maderensis","Sardinella maderensis",5
"finfish","Actinopterygii","Clupeiformes","Clupeidae","Sardinella","Sardinella zunasi","Sardinella zunasi",1
"finfish","Actinopterygii","Clupeiformes","Clupeidae","Sardinops","Sardinops caeruleus","Sardinops sagax",3
"finfish","Actinopterygii","Clupeiformes","Clupeidae","Sardinops","Sardinops melanostictus","Sardinops sagax",3
"finfish","Actinopterygii","Clupeiformes","Clupeidae","Sardinops","Sardinops neopilchardus","Sardinops sagax",1
"finfish","Actinopterygii","Clupeiformes","Clupeidae","Sardinops","Sardinops ocellatus","Sardinops sagax",3
"finfish","Actinopterygii","Clupeiformes","Clupeidae","Sardinops","Sardinops sagax","Sardinops sagax",3
"finfish","Actinopterygii","Perciformes","Sparidae","Sarpa","Sarpa salpa","Sarpa salpa",2
"finfish","Actinopterygii","Aulopiformes","Synodontidae","Saurida","Saurida tumbil","Saurida tumbil",4
"invertebrate","Bivalvia","Veneroida","Veneridae","Saxidomus","Saxidomus giganteus","Saxidomus gigantea",1
"invertebrate","Bivalvia","Arcoida","Arcidae","Scapharca","Scapharca subcrenata","Scapharca sativa",1
"finfish","Actinopterygii","Perciformes","Scombridae","Scomber","Scomber australasicus","Scomber australasicus",1
"finfish","Actinopterygii","Perciformes","Scombridae","Scomber","Scomber colias","Scomber colias",19
"finfish","Actinopterygii","Perciformes","Scombridae","Scomber","Scomber japonicus","Scomber japonicus",11
"finfish","Actinopterygii","Perciformes","Scombridae","Scomber","Scomber scombrus","Scomber scombrus",21
"finfish","Actinopterygii","Beloniformes","Scomberesocidae","Scomberesox","Scomberesox saurus","Scomberesox saurus",2
"finfish","Actinopterygii","Perciformes","Scombridae","Scomberomorus","Scomberomorus brasiliensis","Scomberomorus brasiliensis",4
"finfish","Actinopterygii","Perciformes","Scombridae","Scomberomorus","Scomberomorus cavalla","Scomberomorus cavalla",6
"finfish","Actinopterygii","Perciformes","Scombridae","Scomberomorus","Scomberomorus commerson","Scomberomorus commerson",19
"finfish","Actinopterygii","Perciformes","Scombridae","Scomberomorus","Scomberomorus guttatus","Scomberomorus guttatus",8
"finfish","Actinopterygii","Perciformes","Scombridae","Scomberomorus","Scomberomorus maculatus","Scomberomorus maculatus",2
"finfish","Actinopterygii","Perciformes","Scombridae","Scomberomorus","Scomberomorus niphonius","Scomberomorus niphonius",3
"finfish","Actinopterygii","Perciformes","Scombridae","Scomberomorus","Scomberomorus regalis","Scomberomorus regalis",1
"finfish","Actinopterygii","Perciformes","Scombridae","Scomberomorus","Scomberomorus sierra","Scomberomorus sierra",4
"finfish","Actinopterygii","Perciformes","Scombridae","Scomberomorus","Scomberomorus tritor","Scomberomorus tritor",2
"finfish","Actinopterygii","Pleuronectiformes","Scophthalmidae","Scophthalmus","Scophthalmus aquosus","Scophthalmus aquosus",1
"finfish","Actinopterygii","Pleuronectiformes","Scophthalmidae","Scophthalmus","Scophthalmus rhombus","Scophthalmus rhombus",4
"finfish","Elasmobranchii","Carcharhiniformes","Scyliorhinidae","Scyliorhinus","Scyliorhinus canicula","Scyliorhinus canicula",2
"invertebrate","Malacostraca","Decapoda","Portunidae","Scylla","Scylla serrata","Scylla serrata",5
"finfish","Actinopterygii","Scorpaeniformes","Sebastidae","Sebastes","Sebastes alutus","Sebastes alutus",4
"finfish","Actinopterygii","Scorpaeniformes","Sebastidae","Sebastes","Sebastes marinus","Sebastes caurinus",1
"finfish","Actinopterygii","Scorpaeniformes","Sebastidae","Sebastes","Sebastes mentella","Sebastes mentella",1
"finfish","Actinopterygii","Perciformes","Carangidae","Selar","Selar crumenophthalmus","Selar crumenophthalmus",4
"finfish","Actinopterygii","Perciformes","Carangidae","Selaroides","Selaroides leptolepis","Selaroides leptolepis",5
"finfish","Actinopterygii","Perciformes","Carangidae","Selene","Selene dorsalis","Selene dorsalis",1
"finfish","Actinopterygii","Perciformes","Carangidae","Selene","Selene setapinnis","Selene setapinnis",2
"invertebrate","Bivalvia","Veneroida","Semelidae","Semele","Semele solida","Semele solida",1
"invertebrate","Cephalopoda","Sepiida","Sepiidae","Sepia","Sepia officinalis","Sepia officinalis",7
"invertebrate","Cephalopoda","Sepiida","Sepiidae","Sepia","Sepia pharaonis","Sepia pharaonis",3
"invertebrate","Cephalopoda","Teuthida","Loliginidae","Sepioteuthis","Sepioteuthis lessoniana","Sepioteuthis lessoniana",2
"finfish","Actinopterygii","Perciformes","Carangidae","Seriola","Seriola dumerili","Seriola dumerili",1
"finfish","Actinopterygii","Perciformes","Carangidae","Seriola","Seriola lalandi","Seriola lalandi",3
"finfish","Actinopterygii","Perciformes","Centrolophidae","Seriolella","Seriolella brama","Seriolella brama",1
"finfish","Actinopterygii","Perciformes","Centrolophidae","Seriolella","Seriolella caerulea","Seriolella caerulea",1
"finfish","Actinopterygii","Perciformes","Centrolophidae","Seriolella","Seriolella porosa","Seriolella porosa",1
"finfish","Actinopterygii","Perciformes","Centrolophidae","Seriolella","Seriolella punctata","Seriolella punctata",1
"finfish","Actinopterygii","Perciformes","Carangidae","Seriolina","Seriolina nigrofasciata","Seriolina nigrofasciata",2
"invertebrate","Malacostraca","Decapoda","Sicyoniidae","Sicyonia","Sicyonia brevirostris","Sicyonia brevirostris",1
"finfish","Actinopterygii","Pleuronectiformes","Soleidae","Solea","Solea solea","Solea solea",15
"invertebrate","Malacostraca","Decapoda","Solenoceridae","Solenocera","Solenocera agassizii","Solenocera agassizii",1
"finfish","Actinopterygii","Perciformes","Sparidae","Sparus","Sparus aurata","Sparus aurata",6
"finfish","Actinopterygii","Perciformes","Sphyraenidae","Sphyraena","Sphyraena barracuda","Sphyraena barracuda",2
"finfish","Actinopterygii","Perciformes","Sparidae","Spicara","Spicara maena","Spicara maena",1
"invertebrate","Bivalvia","Veneroida","Mactridae","Mactromeris","Spisula polynyma","Mactromeris polynyma",1
"invertebrate","Bivalvia","Veneroida","Mactridae","Spisula","Spisula solidissima","Spisula solidissima",2
"finfish","Actinopterygii","Perciformes","Sparidae","Spondyliosoma","Spondyliosoma cantharus","Spondyliosoma cantharus",4
"finfish","Actinopterygii","Clupeiformes","Clupeidae","Spratelloides","Spratelloides gracilis","Spratelloides gracilis",1
"finfish","Actinopterygii","Clupeiformes","Clupeidae","Sprattus","Sprattus sprattus","Sprattus sprattus",18
"finfish","Elasmobranchii","Squaliformes","Squalidae","Squalus","Squalus acanthias","Squalus acanthias",9
"finfish","Elasmobranchii","Squatiniformes","Squatinidae","Squatina","Squatina argentina","Squatina argentina",1
"invertebrate","Malacostraca","Stomatopoda","Squillidae","Squilla","Squilla mantis","Squilla mantis",1
"finfish","Actinopterygii","Perciformes","Sparidae","Stenotomus","Stenotomus chrysops","Stenotomus chrysops",1
"finfish","Actinopterygii","Tetraodontiformes","Monacanthidae","Stephanolepis","Stephanolepis cirrhifer","Stephanolepis cirrhifer",1
"finfish","Actinopterygii","Clupeiformes","Clupeidae","Clupea","Strangomera bentincki","Clupea bentincki",1
"finfish","Actinopterygii","Perciformes","Stromateidae","Stromateus","Stromateus fiatola","Stromateus fiatola",1
"finfish","Actinopterygii","Clupeiformes","Clupeidae","Tenualosa","Tenualosa ilisha","Tenualosa ilisha",4
"finfish","Actinopterygii","Clupeiformes","Clupeidae","Tenualosa","Tenualosa toli","Tenualosa toli",2
"finfish","Actinopterygii","Osmeriformes","Osmeridae","Thaleichthys","Thaleichthys pacificus","Thaleichthys pacificus",2
"invertebrate","Malacostraca","Decapoda","Scyllaridae","Thenus","Thenus orientalis","Thenus orientalis",1
"finfish","Actinopterygii","Gadiformes","Gadidae","Theragra","Theragra chalcogramma","Theragra chalcogramma",6
"finfish","Actinopterygii","Perciformes","Gempylidae","Thyrsites","Thyrsites atun","Thyrsites atun",5
"invertebrate","Bivalvia","Veneroida","Veneridae","Tivela","Tivela mactroides","Tivela mactroides",1
"invertebrate","Cephalopoda","Teuthida","Ommastrephidae","Todarodes","Todarodes pacificus","Todarodes pacificus",3
"invertebrate","Cephalopoda","Teuthida","Ommastrephidae","Todarodes","Todarodes sagittatus","Todarodes sagittatus",1
"finfish","Actinopterygii","Perciformes","Trachinidae","Trachinus","Trachinus draco","Trachinus draco",1
"finfish","Actinopterygii","Perciformes","Carangidae","Trachurus","Trachurus capensis","Trachurus capensis",2
"finfish","Actinopterygii","Perciformes","Carangidae","Trachurus","Trachurus japonicus","Trachurus japonicus",3
"finfish","Actinopterygii","Perciformes","Carangidae","Trachurus","Trachurus lathami","Trachurus lathami",2
"finfish","Actinopterygii","Perciformes","Carangidae","Trachurus","Trachurus mediterraneus","Trachurus mediterraneus",3
"finfish","Actinopterygii","Perciformes","Carangidae","Trachurus","Trachurus murphyi","Trachurus murphyi",3
"finfish","Actinopterygii","Perciformes","Carangidae","Trachurus","Trachurus symmetricus","Trachurus symmetricus",1
"finfish","Actinopterygii","Perciformes","Carangidae","Trachurus","Trachurus trachurus","Trachurus trachurus",11
"finfish","Actinopterygii","Perciformes","Carangidae","Trachurus","Trachurus trecae","Trachurus trecae",3
"invertebrate","Malacostraca","Decapoda","Penaeidae","Trachysalambria","Trachypenaeus curvirostris","Trachysalambria curvirostris",2
"finfish","Actinopterygii","Perciformes","Trichiuridae","Trichiurus","Trichiurus lepturus","Trichiurus lepturus",18
"finfish","Actinopterygii","Gadiformes","Gadidae","Trisopterus","Trisopterus esmarkii","Trisopterus esmarkii",3
"finfish","Actinopterygii","Gadiformes","Gadidae","Trisopterus","Trisopterus luscus","Trisopterus luscus",8
"finfish","Actinopterygii","Gadiformes","Gadidae","Trisopterus","Trisopterus minutus","Trisopterus minutus",1
"invertebrate","Gastropoda","Patellogastropoda","Turbinidae","Turbo","Turbo cornutus","Turbo cornutus",2
"finfish","Actinopterygii","Perciformes","Sciaenidae","Umbrina","Umbrina canariensis","Umbrina canariensis",1
"finfish","Actinopterygii","Perciformes","Sciaenidae","Umbrina","Umbrina canosai","Umbrina canosai",3
"finfish","Actinopterygii","Gadiformes","Phycidae","Urophycis","Urophycis brasiliensis","Urophycis brasiliensis",2
"finfish","Actinopterygii","Gadiformes","Phycidae","Urophycis","Urophycis chuss","Urophycis chuss",1
"finfish","Actinopterygii","Gadiformes","Phycidae","Urophycis","Urophycis tenuis","Urophycis tenuis",2
"finfish","Actinopterygii","Mugiliformes","Mugilidae","Moolgarda","Valamugil seheli","Moolgarda seheli",1
"invertebrate","Bivalvia","Veneroida","Veneridae","Venerupis","Venerupis pullastra","Venerupis pullastra",2
"invertebrate","Malacostraca","Decapoda","Penaeidae","Xiphopenaeus","Xiphopenaeus kroyeri","Xiphopenaeus kroyeri",3
"invertebrate","Malacostraca","Decapoda","Penaeidae","Xiphopenaeus","Xiphopenaeus riveti","Xiphopenaeus kroyeri",1
"finfish","Actinopterygii","Zeiformes","Zeidae","Zenopsis","Zenopsis nebulosus","Zenopsis nebulosa",1
"finfish","Actinopterygii","Zeiformes","Zeidae","Zeus","Zeus faber","Zeus faber",7
"invertebrate","Bivalvia","Ostreoida","Pectinidae","Zygochlamys","Zygochlamys patagonica","Zygochlamys patagonica",1
